number,hex,name
000 15 00,252626,Ink black
000 20 00,2E2F2F,Slate black
000 25 00,3B3C3D,Onyx black
000 30 00,444545,Medium black
000 35 00,505151,Briquette grey
000 40 00,5C5C5C,Dark grey
000 45 00,696969,Architecture grey
000 50 00,737575,Steel grey
000 55 00,808081,Medium grey
000 60 00,8C8D8D,Ash grey
000 65 00,9C9C9D,Mortar grey
000 70 00,A9AAAA,Light grey
000 75 00,B7B8B8,Marble grey
000 80 00,C6C6C5,Foggy grey
000 85 00,D3D4D2,Shadow white
000 90 00,E0E1DF,Winter white
010 20 10,3C2D2F,Wenge black
010 20 15,3F272C,Cherry black
010 20 20,44242B,Dark mahogany
010 20 25,48202B,Rusty red
010 30 10,544244,Laurel nut rusty brown
010 30 15,573E43,Night mauve
010 30 20,5D3B42,Pinkish brown
010 30 25,633640,Chestnut red
010 30 30,68323F,Leather red
010 30 35,6A2B3B,Anthracite red
010 30 40,732139,Brown magenta
010 30 44,79143B,Atlas red
010 40 10,6A595B,Caput mortuum grey red
010 40 15,705458,Rust brown
010 40 20,765258,Sunset red
010 40 25,7C4E57,Mineral red
010 40 30,824955,Dull magenta
010 40 35,854452,Velvet red
010 40 40,8B3D51,Algae red
010 40 45,933851,Raspberry ice cream red
010 40 50,98304F,Fuchsia red
010 40 53,9B274D,Primal red
010 50 10,827074,Old mahogany
010 50 15,886C71,Dull dusky pink
010 50 20,8D686F,Brickwork red
010 50 25,95646E,Matte carmine
010 50 30,9D5F6C,Marble red
010 50 35,A15A6A,Geranium red
010 50 40,A6576A,Slate pink
010 50 45,AB5168,Tulip red
010 50 50,B54867,Vibrant red
010 60 10,9C898C,Lilac grey
010 60 15,A4868B,Ice orchid red
010 60 20,AB8289,Lime pink
010 60 25,B27C88,Lipstick pink
010 60 30,B87886,Japanese coral
010 60 35,C07384,Rose red
010 60 40,C66E82,Strawberry milkshake red
010 60 45,CE6980,Luminous pink
010 70 10,B9A4A7,Pale mauve
010 70 15,BFA0A5,Powder rose
010 70 20,C89CA4,Silver rose
010 70 25,CF97A2,Flamingo pink
010 70 30,D594A0,Cherry blossom pink
010 70 35,DD8E9D,Baby pink
010 80 10,D5BEC0,Mud pink
010 80 15,DCBABF,Ice hot pink
010 80 20,E5B7BE,Pastel pink
010 85 05,D8CECF,Pearl rose
010 85 10,DECACE,Salmon rose
010 85 15,E7C8CE,Milkshake pink
010 85 20,EEC7CE,Carnation pink
010 90 05,EBDEDC,Rose cream
010 90 10,EDD8D6,Light apricot
010 93 05,EDE3E5,White-red
020 20 05,352E2E,Deep brown
020 20 10,3B2A2B,Night red
020 20 20,452629,Dark red brown
020 20 29,4F1A23,Burgundy
020 30 05,4B4343,Rhodonite brown
020 30 10,51403F,Budapest brown
020 30 20,5D3A3B,Kremlin red
020 30 30,653035,Crystal dark red
020 30 40,722432,Amaranth blossom
020 30 48,7A0B2D,Sweet cherry red
020 40 05,645B5B,Greyish brown
020 40 10,685757,Nut brown
020 40 20,745152,Antique red
020 40 30,7F494C,Hermosa pink
020 40 40,893E47,October red
020 40 50,932E40,Bright red
020 50 05,7C7372,Zircon grey
020 50 10,816F6F,Sandstone red grey
020 50 20,8E6969,Red grey
020 50 30,9A6163,Venetian red
020 50 40,A4565E,Alsike clover red
020 50 50,B14B59,Flame red
020 50 58,BF4355,Lingonberry red
020 60 05,948B8B,Globe thistle grey rose
020 60 10,9B8888,Tin pink
020 60 20,A88283,Retro pink
020 60 30,B5797C,Begonia rusty rose
020 60 40,C27078,Lotus red
020 70 05,B0A6A6,Fashion mauve
020 70 10,B5A2A2,Tourmaline mauve
020 70 20,C79D9F,Rosewood apricot
020 70 30,D59598,Marker pink
020 80 05,CEC3C2,Aurora grey
020 80 10,D3BDBD,Quartz rose
020 80 20,E3B7BA,Marzipan pink
020 85 05,DACFCE,Almond blossom pink
020 85 10,E0CACA,Salmon cream
020 85 20,F1C7C6,Elegant light rose
020 90 05,ECE1DC,Mussel white
020 90 10,EDDBD7,Peach cream
020 93 05,F1E4E1,Blossom white
030 30 10,514340,Laurel nut rusty brown
030 30 20,5B3C38,Autumn leaf red
030 30 30,653430,Macore veneer red
030 30 40,722B2C,Crimson red
030 30 45,742529,Blood red
030 40 10,665855,Peat red brown
030 40 20,75544F,Cranberry red
030 40 30,804D48,Brick brown
030 40 40,8A433F,Spicy red
030 40 50,963838,Hibiscus red
030 40 60,9F2833,Emperor cherry red
030 50 10,816F6C,Earth red
030 50 20,8C6A64,Terracotta red brown
030 50 30,99635C,Clay red
030 50 40,A65C55,Vermilion red
030 50 50,B0524E,Maple red
030 50 60,BC4444,Holland red
030 60 10,9A8986,Storm red
030 60 20,A8837E,Desert red
030 60 30,B77674,Antique pink
030 60 40,C1756E,Light tomato
030 60 50,CD6B65,Calypso red
030 70 10,B6A3A0,Florida grey
030 70 20,C59B95,Dull apricot
030 70 30,D3958D,Salmon pink red
030 70 40,E08D85,Flamingo red
030 80 10,D3BDBA,Salt pink
030 80 20,E3B6B2,Magnolia pink
030 85 05,D9CCC7,Almond cream
030 85 10,DECAC5,Soft ice rose
030 85 20,ECC9BF,Peach red
030 90 05,EADEDA,Antique white
030 90 10,F0DDD6,Wedding pink
030 93 05,F4E8E4,Parchment white
040 20 19,442B21,Wild brown
040 30 05,4B4441,Basalt black
040 30 10,4E413A,Caviar black
040 30 20,593D32,Coffee brown
040 30 30,633729,Root brown
040 30 40,6D3425,Corrosion red
040 40 05,635B58,Ash brown
040 40 10,675952,Somali brown
040 40 20,72554A,Vandyck brown
040 40 30,7B4E3E,Chestnut brown
040 40 40,854532,Brick red
040 40 50,8F412A,Henna red
040 40 60,96341E,Copper red
040 40 67,A03326,China red
040 50 05,7B7370,Nomad grey
040 50 10,80716A,Umbra sand
040 50 20,8C6C60,Agate brown
040 50 30,986655,Rust coloured
040 50 40,A1604B,Ant red
040 50 50,AD5840,English red
040 50 60,BB5237,Fox red
040 50 70,BF4A30,Pompeii red
040 60 05,958C89,Warm grey
040 60 10,9B8A82,Light caramel
040 60 20,A58376,Sienna yellow
040 60 30,B3806D,Cedar red
040 60 40,BC7961,Terra orange
040 60 50,CA7357,Mandarin orange
040 60 60,D26C4D,Coral orange
040 70 05,AFA6A3,Passepartout grey
040 70 10,B7A49C,Mohair mauve
040 70 20,C59F91,Soft sienna
040 70 30,D19986,Industrial rose
040 70 40,D7957C,Apricot red
040 70 50,E78D6F,Fruit red
040 80 05,CDC3BF,Natural silk grey
040 80 10,D5C2B9,Thulite rose
040 80 20,E5BEAF,Madder orange
040 80 30,F0B8A3,Nature apricot
040 85 05,DCD0CB,Pandora grey
040 85 10,E3CFC5,Fine alabaster
040 85 20,F0CAB9,Delicate sweet apricot
040 90 05,ECE0D9,Sahara light red
040 90 10,F1DFD3,Delicate rose
040 93 05,F2E8E1,Natural white
050 20 10,3A3028,Granite brown
050 20 16,3F2D21,Night brown
050 30 10,4C4137,Obsidian brown
050 30 20,573F2D,Tropical wood brown
050 30 30,613C26,Tobacco brown
050 30 36,663B20,Rosewood brown
050 40 10,675A50,Mocha black
050 40 20,6E5644,Florentine brown
050 40 30,775239,Curry brown
050 40 40,7F4D2A,Madeira brown
050 40 50,8A4924,Autumn red
050 50 10,7F7469,Teakwood brown
050 50 20,89705C,Milk coffee brown
050 50 30,936B4F,Golden brown
050 50 40,9C6543,Copper-metal red
050 50 50,A66136,Gold varnish brown
050 50 60,AA5A2A,Titian red
050 50 70,B7510E,Poppy red
050 50 78,BE5B1C,Persian orange
050 60 10,988B7F,Ecru ochre
050 60 20,A28671,Caramel brown
050 60 30,B18466,Medium brown
050 60 40,B77F59,Apricot brown
050 60 50,C37C4D,Orange yellow
050 60 60,CD763E,Camel red
050 60 70,D16C31,Carrot orange
050 60 80,DC6621,Gerbera red
050 70 10,B5A79C,Bamboo beige
050 70 20,C0A48E,Amber grey
050 70 30,CB9F80,Sienna ochre
050 70 40,D79A73,Light amber orange
050 70 50,DF9566,Melon red
050 70 60,E98F57,Mango orange
050 80 10,D2C3B6,Pale sienna
050 80 20,DDBEA6,Soft orange
050 80 30,E8B999,Pallid orange
050 85 05,DDD1C9,Ocean sand
050 85 10,DDCDBF,Pure beige
050 85 20,EBCBB2,Biscuit cream
050 90 05,E9DED5,Eggshell white
050 90 10,F4E1D3,Light peach rose
050 93 05,F3EAE2,Tulle white
060 20 05,35322F,Industrial black
060 30 05,4A453F,Vehicle body grey
060 30 10,4D4338,Nutria fur brown
060 30 20,54422D,Peat brown
060 30 27,5B4125,Cassiterite brown
060 40 05,615D56,Zinc grey
060 40 10,655A4E,Moor oak grey
060 40 20,6E5A42,Coffee bean brown
060 40 30,755735,Brazilian brown
060 40 40,7F562B,Plane brown
060 50 05,7A756D,Chinchilla grey
060 50 10,7E7466,Sandstone grey
060 50 20,877259,Mushroom brown
060 50 30,92704D,Mustard brown
060 50 40,986C3D,Camel brown
060 50 50,A06932,Date fruit brown
060 50 60,A36217,Elm brown red
060 50 70,AC630F,Dry clay
060 60 05,959088,Screed grey
060 60 10,9A8E80,Oak brown
060 60 20,A48B71,Light topaz ochre
060 60 30,AC8A64,Cognac brown
060 60 40,B88B55,Maple syrup brown
060 60 50,B98044,Turmeric red
060 60 60,C27E32,Bitter orange
060 60 70,C87A1E,Gold orange
060 60 80,D27610,Accent orange
060 70 05,B0AAA2,Cement greige
060 70 10,B5A99A,Putty grey
060 70 20,BDA68A,Peanut butter
060 70 30,C4A079,Peach yellow
060 70 40,D1A16F,Candle yellow
060 70 50,D89D5F,Topaz yellow
060 70 60,DD974C,Melon orange
060 70 70,E79539,Indian yellow
060 80 05,CCC6BC,Light chamois beige
060 80 10,D0C3B4,Soft greige
060 80 20,DBC2A5,Biscuit beige
060 80 30,E7BF93,Mild orange
060 80 40,EDBA82,Apricot orange
060 85 05,DBD3C9,Champagne rose
060 85 10,E1D3C1,Cornmeal beige
060 85 20,E9CFB2,Dough yellow
060 85 30,F4CDA1,Light saffron orange
060 90 05,EBE2D7,Grain white
060 90 10,F0E0CF,Vanilla cream
060 90 15,F4DDC6,Apricot cream
060 93 05,F3EBE2,Wool white
070 30 10,4A4437,Mineral brown
070 30 20,53452E,Beech brown
070 40 10,625C4D,Mink brown
070 40 20,695A3E,Huckleberry brown
070 40 30,705A33,Arable brown
070 40 40,755823,Autumn gold
070 50 10,7A7465,Saruk grey
070 50 20,837356,Ash gold
070 50 30,887145,Lion's mane blonde
070 50 40,8F6F34,Antique gold
070 50 50,907031,Stage gold
070 50 55,98712B,Theatre gold
070 60 10,948C7C,Light mahogany
070 60 20,9C8D6F,Dark blond
070 60 30,A3895E,Light oak brown
070 60 40,AA894C,Grain brown
070 60 50,B0893B,Mud yellow
070 60 60,B6862A,Mustard yellow
070 60 70,BC8318,Sea buckthorn yellow brown
070 60 75,BD8209,Autumn leaf orange
070 70 10,AFA897,Ginger grey yellow
070 70 20,B9A787,Light ash brown
070 70 30,C2A877,Golden beige
070 70 40,C9A565,Dechant pear yellow
070 70 50,CEA456,Honeycomb yellow
070 70 60,D9A344,Gorse yellow orange
070 70 70,D99D2C,Naples yellow
070 70 80,DC9914,Saffron gold
070 80 10,CEC5B2,Flax beige
070 80 20,D9C6A2,Buttercup yellow
070 80 30,E1C392,Golden oat coloured
070 80 40,E9C383,Apricot yellow
070 80 50,F0C170,Warm apricot
070 80 60,F8BF5D,Golden rain yellow
070 85 05,D8D2C6,Almond beige
070 85 10,DED3BF,Silver thistle beige
070 85 20,E7D1AB,Sandalwood beige
070 85 30,EFD29E,Hair blonde
070 90 05,ECE4D9,Off white
070 90 10,EEE3D0,Light corn
070 90 20,F7E2BE,Chalk yellow
070 93 05,F3EDE2,Anemone white
075 40 10,625D4F,Tree bark brown
075 40 20,675B40,Caraway brown
075 40 30,6B5930,Bark brown
075 40 38,705A23,Lizard brown
075 50 10,7B7566,Rye dough brown
075 50 20,827456,China cinnamon
075 50 30,897547,Grog yellow
075 50 40,8D7337,Amber brown
075 50 50,917224,Cinnamon brown
075 50 58,926F04,Cumin ochre
075 60 10,97907F,Putty yellow
075 60 20,9D8E6E,Walnut shell brown
075 60 30,A38E5F,Clay ochre
075 60 40,A98E50,Funchal yellow
075 60 50,AC8C3C,Mango brown
075 60 60,B28925,Turmeric brown
075 60 70,B68804,Bamboo brown
075 70 10,B1AB99,Flax fibre grey
075 70 20,B9A985,Light pumpkin brown
075 70 30,BFA976,Golden thistle yellow
075 70 40,C5A764,Brick yellow
075 70 50,CBA655,Deep bamboo yellow
075 70 60,D1A43F,Intense yellow
075 70 70,D7A427,Pumpkin yellow
075 70 80,D6A209,Autumn yellow
075 80 10,D0C6B3,Chalk beige
075 80 20,D7C6A2,Light corn yellow
075 80 30,DCC58F,Dark yellow
075 80 40,E3C380,Ash yellow
075 80 50,E8C06D,Orient yellow
075 80 60,EFBF5D,Carriage yellow
075 85 10,DFD5C0,Water lily white
075 85 20,E6D4AE,Banana ice cream
075 85 30,EDD39E,Maple beige
075 85 40,F3D28D,Goldenrod yellow
075 90 10,F1E6CF,Dessert cream
075 90 20,F5E2BD,Butter white
075 93 05,F2EEE2,Vanilla white
080 20 05,33312B,Night brown black
080 20 10,353122,Vanilla bean brown
080 30 05,49453E,Earth black
080 30 10,494435,Olive black
080 30 20,4F4428,Clove yellow brown
080 30 26,52441F,Smoked oak brown
080 40 05,615D56,Office grey
080 40 10,635E4E,Stone brown
080 40 20,665B3C,Pimento grain brown
080 40 30,6B5B2F,Ochre green
080 40 40,715C1B,Autumn leaf brown
080 50 05,78756D,Dusk grey
080 50 10,7B7666,Rye brown
080 50 20,817656,Greyish yellow
080 50 30,847545,Chili green
080 50 40,887436,Dirt yellow
080 50 50,8D7524,Chamois yellow
080 60 05,928F87,Flannel grey
080 60 10,948E7C,Light khaki
080 60 20,9B8F6C,Spelt grain brown
080 60 30,A08E5B,Golden quartz ochre
080 60 40,A38E4F,Bamboo yellow
080 60 50,A88E3C,Brass yellow
080 60 60,AD8E23,Fig mustard yellow
080 60 70,AF8D08,Yellow gold
080 70 05,AEAAA1,Garlic beige
080 70 10,B0AA97,Fine greige
080 70 20,B6AA86,Yellow brown
080 70 30,BBA976,Mustard seed beige
080 70 40,C2AA64,Diamond yellow
080 70 50,C6A953,Antique brass
080 70 60,CBAA40,Courgette yellow
080 70 70,CFAA2C,Grapefruit yellow
080 70 80,D1A706,Sunflower yellow
080 70 88,D2A600,Arnica yellow
080 80 05,CBC6BC,Micaceous light grey
080 80 10,CFC7B3,Pastel sand
080 80 20,D4C69F,Natural rice beige
080 80 30,D9C58E,Yellow beige
080 80 40,E0C57D,Straw yellow
080 80 50,E5C56C,Mirabelle yellow
080 80 60,EAC557,Full yellow
080 80 70,ECC345,Pear yellow
080 80 80,F1C12B,Fire yellow
080 80 90,F4C208,Summer yellow
080 85 05,D8D2C6,Wheat flour white
080 85 10,DBD2BE,Onion white
080 85 20,E3D4AF,Nashi pear beige
080 85 30,E8D39D,Vespa yellow
080 85 40,EFD38A,Puff pastry yellow
080 90 05,ECE6D9,Japanese white
080 90 10,ECE3CD,Mushroom white
080 90 20,F1E1BB,Macadamia beige
080 90 30,F8E3AB,Horseradish yellow
080 93 05,F1EBDF,Milk star white
085 40 10,626050,Mineral green
085 40 20,645E3E,Khaki green
085 40 30,6A6034,Moss brown
085 50 10,7A7764,Coriander ochre
085 50 20,7F7756,Pyrite slate green
085 50 30,837847,Sepia yellow
085 50 40,847636,Marshy green
085 50 50,887725,Honey yellow green
085 60 10,94907F,Matte olive
085 60 20,9A906E,Pond green
085 60 30,9E905E,Wood green
085 60 40,A1914E,Lichen green
085 60 50,A5923B,Mineral umber
085 60 60,A89224,Loden yellow
085 70 10,ADAA96,Raffia greige
085 70 20,B5AA87,Feldspar grey
085 70 30,B9AB74,Hay yellow
085 70 40,BCAA65,Winter pear beige
085 70 50,C1AB51,Autumn apple yellow
085 70 60,C2AB3D,Pitmaston pear yellow
085 70 70,C6A931,Immortelle yellow
085 70 75,CAAB1F,Golden beryl yellow
085 80 10,CBC6B1,Velvet beige
085 80 20,D1C7A1,Mineral beige
085 80 30,D8C88E,Moonlight yellow
085 80 40,DBC87D,Table pear yellow
085 80 50,DEC76B,Fruit yellow
085 80 60,E1C658,Adonis rose yellow
085 80 70,E5C645,Barberry yellow
085 80 80,E6C52E,Dandelion yellow
085 80 85,E6C526,Decor yellow
085 85 10,D9D2BC,Alabaster white
085 85 20,DFD3AB,Light blond
085 85 30,E5D39A,Willow-flower yellow
085 85 40,EBD58B,Light ginger yellow
085 90 10,EEE7D1,Tulip white
085 90 20,F1E4BB,Alpine berry yellow
085 90 30,F4E2A9,China clay yellow
085 93 05,F1EEE2,Vintage white
090 30 10,4A4738,Limonite brown
090 30 20,4D4829,Bark green
090 40 10,635F51,Boulder brown
090 40 20,655E3F,Plum green
090 40 30,696033,Vine leaf green
090 50 10,797667,Graphite grey green
090 50 20,7D7657,Pesto green
090 50 30,827846,Giant cactus green
090 50 40,837838,Aubergine green
090 60 10,928E7F,Oyster grey
090 60 20,988F6D,Manzanilla olive
090 60 30,9B9060,Camouflage olive
090 60 40,9D904E,Laurel green
090 60 50,9C8F3A,Faint green
090 60 60,A2942C,Titanite yellow
090 70 10,AEAA98,Dusty yellow
090 70 20,B2AA85,Barbados beige
090 70 30,B5A976,Rhubarb leaf green
090 70 40,BBAD65,Hedgehog cactus yellow green
090 70 50,BDAD55,Gooseberry yellow
090 70 60,BEAE41,Bud green
090 70 70,C0AF29,Catkin yellow
090 70 80,C0AE10,Prehnite yellow
090 80 10,CBC5B0,Light beige
090 80 20,CEC4A0,Champagne beige
090 80 30,D5C892,Lemon sorbet yellow
090 80 40,D8CA82,Blossom yellow
090 80 50,DCCA6B,Tasman honey yellow
090 80 60,DCC956,New yellow
090 80 70,E0CC49,Fashion yellow
090 80 80,DECA28,Poster yellow
090 80 90,E3CD07,Contrasting yellow
090 85 05,D6D2C7,Pepper white
090 85 10,D9D3BF,Paella natural white
090 85 20,DED5AD,Cider yellow
090 85 30,E2D69C,Palm sugar yellow
090 85 40,E5D68A,March yellow
090 85 50,E9D879,Oriole yellow
090 90 05,E7E3D8,Marzipan white
090 90 10,E9E4D0,Primrose white
090 90 20,EFE5BC,Cream yellow
090 90 30,F1E5AB,Wax yellow
090 90 40,F5E698,Lemon cream
090 90 50,F5E485,Tiger yellow
090 90 60,F6E371,Sunrose yellow
090 93 05,EEEBE0,Cream white
095 40 10,615E50,Shady green
095 40 20,635D3F,Forest green
095 40 30,635F31,Bean green
095 50 10,787466,Dull olive
095 50 20,7C7759,Cabbage green
095 50 30,7E7848,Caper green
095 50 40,807A37,Garden lettuce green
095 50 50,7F7E24,Artichoke green
095 60 10,938F7F,Pale green grey
095 60 20,95906F,Pale green
095 60 30,98915D,Cypress green
095 60 40,99924E,Grape green
095 60 50,9A953D,Gooseberry green
095 60 60,969329,Guava green
095 60 70,979803,Romaine green
095 70 10,AEAA99,Sand grey
095 70 20,B2AC8A,Crocodile green
095 70 30,B4AD79,Chicory green
095 70 40,B5AE65,Banana green
095 70 50,B5AC58,Star fruit yellow green
095 70 60,B6AC47,Papaya yellow green
095 70 70,B7B12E,Bronze green
095 80 10,CAC6B4,Sapphire light yellow
095 80 20,CFC7A4,Pale olive
095 80 30,D4CA93,Asparagus yellow
095 80 40,D5CC80,Pea green
095 80 50,D6CA71,Williams pear yellow
095 80 60,D3C85E,Greenish yellow
095 80 70,D3CC4A,Mimosa yellow
095 80 80,CFC735,Sorbet yellow
095 85 10,D9D5C2,Salsify white
095 85 20,DDD7B3,Dull light yellow
095 85 30,E0D89F,Leaf yellow
095 85 40,E3DA8D,Natural yellow
095 85 50,E4D97D,Sport yellow
095 90 10,E9E4CF,Atlas white
095 90 20,ECE4BE,Pearl yellow
095 90 30,EEE7A9,Lemon ice cream yellow
095 90 40,F0E696,Fresh yellow
095 90 50,F6E988,Luminescent yellow
095 90 59,F6E979,Dynamic yellow
095 93 05,ECEBE1,Crepe silk white
100 20 05,32332D,Night green
100 30 05,44443D,Volcanic stone green
100 30 10,464536,Vermilion green
100 30 20,4A4B2A,Uniform green
100 40 05,5C5C54,Doves grey
100 40 10,5F5E4F,Slick green
100 40 20,605F41,Broccoli green
100 40 30,616130,High forest green
100 40 40,5E641D,Brussels sprout green
100 50 05,75756D,Forest floor khaki
100 50 10,777564,Lapwing grey green
100 50 20,797957,Green woodpecker olive
100 50 30,797848,Steppe green
100 50 40,797B36,Faience green
100 50 50,767E23,Tool green
100 60 05,908F87,Smoky grey green
100 60 10,8E8D7D,Olivine grey
100 60 20,93926F,Grey-headed woodpecker green
100 60 30,93925E,Cardamom green
100 60 40,959351,Lettuce green
100 60 50,969640,Art Nouveau green
100 60 60,8D9622,Smoothie green
100 70 05,ACABA2,Smoky white
100 70 10,ADAB98,Anise grey yellow
100 70 20,ADAD87,Sand brown
100 70 30,AEAD77,Hippie green
100 70 40,B2B069,Linden green
100 70 50,B0AE58,Dill green
100 70 60,AFB046,New green
100 80 05,C5C5BB,Natural grey
100 80 10,C8C6B1,Pale beige
100 80 20,CDCBA3,Soft green
100 80 30,CCCA91,Silver green
100 80 40,CECB80,March tulip green
100 80 50,CDCB70,Light olive
100 80 60,CED15B,Advertisement green
100 80 70,CFD24B,LED green
100 80 80,CBD334,March green
100 85 05,D6D5CA,Celery white
100 85 10,D7D5C0,Palm heart cream
100 85 20,DAD8B0,Beige green
100 85 30,DCD89F,Crystal yellow
100 90 05,E5E4D7,Brilliant yellow
100 90 10,E7E4CF,Elderberry white
100 90 20,EAE6BD,Designer cream yellow
100 90 30,EAE6A9,Boxwood yellow
100 90 40,EDE999,Primrose yellow
100 90 50,ECE888,Spring yellow
100 93 05,EDEDE1,Fog white
1000,C5BB8A,Green beige
1001,C6B286,Beige
1002,C7AE72,Sand yellow
1003,E6B019,Signal yellow
1004,D2A40E,Golden yellow
1005,BC9611,Honey yellow
1006,CF9804,Maize yellow
1007,D49300,Daffodil yellow
1011,A38454,Brown beige
1012,CFB539,Lemon yellow
1013,DFDBC7,Oyster white
1014,D4C79C,Ivory
1015,DED3B6,Light ivory
1016,E8E253,Sulfur yellow
1017,E4AF56,Saffron yellow
1018,EBD346,Zinc yellow
1019,9C917B,Grey beige
1020,999167,Olive yellow
1021,E5C000,Colza yellow
1023,E6BE05,Traffic yellow
1024,AD9451,Ochre yellow
1026,FFFF00,Luminous yellow
1027,998420,Curry
1028,F2A500,Melon yellow
1032,CFA81E,Broom yellow
1033,E4A02D,Dahlia yellow
1034,D9A156,Pastel yellow
1035,898271,Pearl beige
1036,746341,Pearl gold
1037,DB9A17,Sun yellow
110 20 10,303324,Metal construction green
110 30 10,46483A,Dark olive green
110 30 20,454B2E,Nori seaweed green
110 40 10,5D5F50,Stump green
110 40 20,5A5F3F,Antique green
110 40 30,5B6434,Gardener green
110 40 40,596828,Kirchner green
110 50 10,747666,November green
110 50 20,747858,Alexandrite green
110 50 30,747B4C,Plant green
110 50 40,717D3A,Ripe green
110 50 50,6B8024,Portuguese green
110 50 55,6B841A,Flag green
110 60 10,8D907F,Grey green
110 60 20,8B9170,Peapod green
110 60 30,8E9665,Indian green
110 60 40,8B9654,Winterpea green
110 60 50,879A42,Airline green
110 60 60,859F2F,Woodruff green
110 60 65,85A11F,Traffic light green
110 70 10,A9AC99,Chinese tea green
110 70 20,A8AD89,Wall green
110 70 30,A6AD7A,Wasabi green
110 70 40,A6B16C,April green
110 70 50,A7B55E,Delaunay green
110 70 60,A0B749,Lime green
110 70 70,97B821,Chlorophyll green
110 70 77,97B720,Marker green
110 80 10,C2C5B3,Spring grey
110 80 20,C3CCA2,Mint ice green
110 80 30,C5CC93,Springtide green
110 80 40,C3CF85,Lime sorbet green
110 80 50,C3D274,Easter green
110 80 60,BED561,Clown green
110 80 70,BDD651,Juice green
110 85 10,D2D5C1,Veltliner white
110 85 20,D0D8AF,Kohlrabi green
110 85 30,D2DAA0,Burgundy grey
110 85 40,CEDA8B,Wax green
110 85 50,CFDC7C,Sprout green
110 90 05,E2E2D7,Cotton white
110 90 10,E3E6D0,Light fern green
110 90 20,E1E8BD,Lily scent green
110 90 30,E2E9AB,Kiwi ice cream green
110 90 40,E1EB9D,Lime juice green
110 93 05,EAEBE0,Raffia white
110 96 02,F3F4EF,Laundry white
110-1,E4E7E6,
110-2,DCDDD6,
110-3,C5C6BE,
110-4,C4C7C5,
110-5,C7CBC6,
110-6,C5C7C7,
110-M,9B9EA1,
120 30 05,42443D,Racing green
120 30 10,424739,Country house green
120 30 20,404A2E,Avocado dark green
120 40 05,5A5C55,English green
120 40 10,595E4F,Almond green
120 40 20,576044,Cactus green
120 40 30,546438,Basil green
120 40 40,4E6923,Pepper green
120 50 05,73756D,Smoke green
120 50 10,717767,Velvet green grey
120 50 20,707A5A,Parrot green
120 50 30,6C7C4C,Quartz green
120 50 40,67823F,Hedge green
120 50 50,638131,Birch leaf green
120 60 05,8F9289,Bluish grey
120 60 10,8B9081,Lavender leaf green
120 60 20,889372,Cider pear green
120 60 30,879866,Vesuvian green
120 60 40,839A58,Bamboo grass green
120 60 50,7F9D4A,Aloe vera green
120 60 60,789E39,Mamba green
120 60 63,75A133,Luminescent green
120 70 05,A8ABA1,Laurel grey
120 70 10,A6AB99,Nile green
120 70 20,A3AE8C,Filigree green
120 70 30,A1B37F,Serpentine green
120 70 40,9DB771,Light birch green
120 70 50,99B861,Clematis green
120 70 60,92B651,Tourmaline green
120 70 70,90BC44,Cocktail green
120 70 75,8AB936,Brilliant green
120 80 05,C3C6BD,Dust green
120 80 10,C1C7B3,Modern Style green
120 80 20,BFCBA7,Avocado cream
120 80 30,BBCE96,Natural green
120 80 40,B8D288,Summer green
120 80 50,B3D579,Fashion green
120 80 60,B0D86C,Neon green
120 85 05,D1D4CA,Chalk green
120 85 10,CED6C2,Light feather green
120 85 20,CDD9B3,Lake green
120 85 30,CBDEA3,Aqua green
120 90 05,DFE2D7,Lily of the valley white
120 90 10,E2E7D2,Pale pistachio
120 90 20,DCE8C1,Kiwi sorbet green
120 90 30,D9ECB1,Ice-cold green
120 93 05,E9ECE0,Touch of white green
120-1,EBEDEB,
120-2,F1F2ED,
120-3,EEEEE6,
120-4,E5E2D5,
120-5,DEDAC7,
120-6,E6E2D0,
120-M,8D8D89,
130 30 10,41483B,Arame seaweed green
130 30 20,3C4A30,Kelp green
130 40 10,5A6053,Soft olive
130 40 20,526145,Alpine lake green
130 40 30,4F643B,Gemstone green
130 50 10,6E7768,Dubuffet green
130 50 20,6B7C5E,Spanish green
130 50 30,657E51,Algae green
130 50 40,5F8146,Hot pepper green
130 50 50,58823B,Emerald clear green
130 60 10,899283,Matte sage green
130 60 20,849477,Old green
130 60 30,7E976B,Pea aubergine green
130 60 40,789A5E,Grasshopper green
130 60 50,719D50,Parisian green
130 60 60,69A044,Primal green
130 70 10,A4AE9E,Limestone green
130 70 20,A0B191,Soap green
130 70 30,98B484,Watercolour green
130 70 40,93B676,Vangogh green
130 70 50,8DBA6C,Apple green
130 70 60,85BD5D,Ultra green
130 80 10,C0C8B7,Jade light green
130 80 20,BACCAB,Enamel green
130 80 30,B5D09E,Pastel green
130 80 40,AFD492,Jasmine green
130 80 50,A9D684,Crystal green
130 85 05,CFD5CB,Grape oil green
130 85 10,CDD7C4,Duchamp light green
130 85 20,C7DAB8,Pallid light green
130 85 30,C4DEAC,Viridine green
130 90 05,DDE2D8,Silver poplar white
130 90 10,DEE8D4,Mediterranean green
130 90 20,D6E9C5,Spring green
130 93 05,E7ECE2,Bean white
130-1,EEEFBF,
130-2,EEF0C6,
130-3,EEF0D0,
130-4,F4F2D2,
130-5,E9E6BF,
130-6,F4E8B4,
130-M,A6AA90,
140 20 05,2D322D,Melanite black green
140 20 10,2B3528,Mountain range green
140 20 20,2A3927,Bavarian green
140 30 05,444944,Black Forest green
140 30 10,404B3D,Copper pyrite green
140 30 20,3B4E36,Nettle green
140 30 30,32532A,Chestnut green
140 30 40,2B532A,Ranger green
140 40 05,5A5F59,Stone green
140 40 10,556053,Loden green
140 40 20,4C6248,Acacia green
140 40 30,47663F,Peacock green
140 40 40,406B37,Radical green
140 40 50,3B6F31,Brazilian green
140 50 05,70766F,Silver maple green
140 50 10,6D786B,Fir spruce green
140 50 20,667B60,Silver willow green
140 50 30,608056,Rambling green
140 50 40,55824B,Guinean green
140 50 50,4F8744,Mountain meadow green
140 50 60,458938,Temperamental green
140 60 05,898F89,Camouflage green
140 60 10,849183,Silver linden grey
140 60 20,80987B,Spinach green
140 60 30,789B6F,Blackthorn green
140 60 40,729E65,Fresh green
140 60 50,67A05A,Parsley green
140 60 60,5FA251,Oregano green
140 60 70,57A549,Balloon green
140 70 05,A4AAA3,Ginkgo green
140 70 10,9EAC9E,Wormwood green
140 70 20,98B194,Dew green
140 70 30,90B589,Aniseed leaf green
140 70 40,8BB97F,Sour green
140 70 50,7FBA71,Acid green
140 70 60,7ABF68,Drop green
140 80 05,C2C7BF,Willow green
140 80 10,BCC9B9,Pastel grey green
140 80 20,B4CDAD,Gio Ponti green
140 80 30,ACD1A3,Relaxation green
140 80 40,A1D597,Dentist green
140 85 05,CED6CD,Deadnettle white
140 85 10,CAD8C8,Leek white
140 85 20,C2DCBB,Limestone slate
140 85 30,B9E0B1,Mint cocktail green
140 90 05,DFE5DA,Rosemary white
140 90 10,DAE7D4,Touch of green
140 93 05,E7EEE4,Chestnut white
140-1,F0D6AB,
140-2,F4DEA9,
140-3,F6E6C2,
140-4,F4E1BF,
140-5,F2E6C9,
140-6,DED4B7,
140-M,A89F80,
150 30 10,404C42,Thyme green
150 30 20,374F3C,Moselle green
150 30 30,2D5034,Mountain green
150 40 10,546156,Felt green
150 40 20,4D6550,Firm green
150 40 30,416747,Genever green
150 40 40,366A3F,Ink green
150 40 50,2D6B3B,Ireland green
150 50 10,6A786C,Sage green grey
150 50 20,627D66,Korean mint
150 50 30,5A825F,Field green
150 50 40,52855C,Celery green
150 50 50,458752,Rich green
150 50 60,3C8A4D,Cold green
150 60 10,869489,Pointed cabbage green
150 60 20,7C9881,Orient green
150 60 30,729A78,Rosemary green
150 60 40,689E6F,Mosaic green
150 60 50,60A36C,Bouncy ball green
150 60 60,4FA25E,Energy green
150 70 10,9EADA1,Tea green
150 70 20,96B39B,Liebermann green
150 70 30,8CB892,Oilcloth green
150 70 40,82BA8A,Jade stone green
150 70 50,77BD80,Verdigris coloured
150 80 10,BBCABD,Organza green
150 80 20,B1CFB5,Pastel mint green
150 80 30,A6D3AE,Bright green
150 80 40,9DD8A5,Mother-of-pearl green
150 85 05,CCD5CD,Asparagus white
150 85 10,C8D8C9,Transparent white
150 85 20,BFDDC0,Pallid green
150 90 05,DBE3D9,Mineral white
150 90 10,D8E8D7,Alabaster green
150 93 05,E4EDE3,Quark white
150-1,F3EFEA,
150-2,F4EBE4,
150-3,E9E1D8,
150-4,F5E4D5,
150-5,F4E9DD,
150-6,F2DFD8,
150-M,A4978B,
160 20 05,2F3532,Beryl black green
160 20 10,29362F,Mussel green
160 20 15,22372A,Pumpkin green black
160 20 20,1F3429,Opulent green
160 30 05,414844,Rich olive
160 30 10,3D4A42,Exclusive green
160 30 15,374A3F,Leaf green
160 30 20,304C3C,Mountain mint
160 30 25,2D4E3A,Order green
160 30 30,275038,Troll green
160 30 35,1E5035,Card table green
160 30 40,195235,Lemon balm green
160 40 05,58605B,Jasper green
160 40 10,516159,Siberian green
160 40 15,4C6356,Cucumber green
160 40 20,466353,Serbian green
160 40 25,416450,Black pine green
160 40 30,3C674E,Pumpkin green
160 40 35,36694C,Jade mussel green
160 40 40,326B4C,Clover green
160 40 45,296846,Frog green
160 40 50,1D6A43,Universal green
160 40 55,1B6D43,Column of oak green
160 50 05,6F7772,Arctic lichen green
160 50 10,687870,Atlas cedar green
160 50 15,647C6E,Stone cypress green
160 50 20,5E7E6C,Juniper green
160 50 25,587E68,Sports field green
160 50 30,538166,Leisure green
160 50 35,4F8364,Adamite green
160 50 40,468362,Metallic green
160 50 45,438661,Vital green
160 50 50,3A865D,Golf green
160 50 55,35885C,Iceland green
160 50 60,2A8758,Real turquoise
160 60 05,88908B,Sandstone grey green
160 60 10,819289,Slate green
160 60 15,7C9687,Mild green
160 60 20,769784,Douglas fir green
160 60 25,719A80,Practice green
160 60 30,6B9B7F,Memphis green
160 60 35,669E7D,Advertising green
160 60 40,5F9D7A,Hunter green
160 60 45,5AA178,Linoleum green
160 60 50,51A075,Parakeet green
160 60 55,4C9F70,Emerald light green
160 60 58,45A26F,Alhambra green
160 70 05,A2ABA6,Greenish grey
160 70 10,9BAEA3,Weak green
160 70 15,94B09F,Andean slate
160 70 20,90B29D,Ceramic green
160 70 25,8BB69C,Water green
160 70 30,84B79A,Mountain lake green
160 70 35,7DB897,American green
160 70 40,78BB94,Techno turquoise
160 70 45,71BD91,Garish green
160 70 50,6BBE91,Malachite green
160 80 05,BDC6C0,Fog green
160 80 10,B6C9BE,Matte jade green
160 80 15,AFCCBB,Sun yellow
160 80 20,A9CEB8,Feather green
160 80 25,A5D0B7,Menthol green
160 80 30,A1D4B5,Silk green
160 85 05,C9D3CC,Light green
160 85 10,C2D6C9,Micaceous green
160 85 15,BEDAC7,Moonstone green
160 90 05,DAE3DB,Watercolour white
160 90 10,D3E7D8,Moonlight green
160 90 15,CDE9D5,Glacial water green
160 93 05,E0EBE6,Mountain crystal silver
160-1,E1DFEC,
160-2,E5E1E8,
160-3,EBE7E8,
160-4,EAE0E2,
160-5,EBE3E0,
160-6,E9E2EA,
160-M,AAA3B4,
170 20 10,25342F,Deep green
170 20 15,21362E,Intense green
170 20 20,1A372E,Coach green
170 20 25,153C2E,Off-road green
170 30 10,3B4B44,Garnet black green
170 30 15,334C42,Dark green
170 30 20,2E4B41,Thistle green
170 30 25,264F41,Raspberry leaf green
170 30 30,224F40,Chrysocolla dark green
170 30 35,175141,Trapper green
170 30 40,0D5240,Permanent green
170 40 10,4F6059,Chalcedony green
170 40 15,496158,Palace green
170 40 20,436458,Plantain green
170 40 25,3E6556,Ore mountains green
170 40 30,396957,Tractor green
170 40 35,2F6854,Victoria green
170 40 40,256954,Device green
170 40 45,1C6A54,Environmental green
170 40 50,176950,Vegan green
170 50 10,677973,Bournonite green
170 50 15,617D71,Fuchsite green
170 50 20,5B7D70,Blackberry leaf green
170 50 25,547F6E,Tourmaline blue
170 50 30,4C816E,Dream green
170 50 35,46816D,Accent green blue
170 50 40,3C846A,Spectral green
170 50 45,37846B,Mallard green
170 50 50,2A8769,Chagall green
170 50 55,208568,Absinthe turquoise
170 60 10,7F928B,Quantum green
170 60 15,7A958A,Bitter clover green
170 60 20,719889,Cyprus green
170 60 25,6C9889,Succulent green
170 60 30,649A87,Vibrant green
170 60 35,5D9E87,Klimt green
170 60 40,569E85,Persian green
170 60 45,4E9E83,Sport green
170 60 50,47A185,Active green
170 70 10,9AAEA6,Lovage green
170 70 15,93B0A4,Chrysopal light green
170 70 20,8CB4A4,Source green
170 70 25,87B6A2,Orient mosaic green
170 70 30,7EB8A3,Mint cold green
170 70 35,77B89F,Emerald green
170 70 40,70B99E,Expressionism green
170 80 10,B6CAC2,Fluorite blue
170 80 15,ADCDC1,Swimming pool green
170 80 20,A8D2C0,Sky green
170 80 25,9FD1BE,Larimar green
170 85 05,C9D5D0,Silicate light turquoise
170 85 10,C3D9CF,Topaz green
170 85 15,BBDBCC,Refrigerator green
170 85 20,B4DDCB,Crystal glass green
170 90 05,D9E3DD,Crystal salt white
170 90 10,D1E7DC,Turquoise white
170 93 05,E2ECE7,Snow crystal green
170-1,C5C7CF,
170-2,A6AABC,
170-3,BBC5D9,
170-4,CFD8EC,
170-5,C2C3D5,
170-6,C4C2D5,
170-M,A5A5B7,
180 20 05,2D3634,Pitch green
180 20 10,253532,Lacquer green
180 20 15,1D3532,Fence green
180 20 20,123633,Myrtle green
180 30 05,424A49,Amazon green
180 30 10,394A46,Rich grey turquoise
180 30 15,334C47,Blackboard green
180 30 20,2C4D47,Swedish green
180 30 25,254F48,Fjord green
180 30 30,1A4F48,Urban green
180 30 35,135049,Jungle green
180 40 05,565F5D,Earth green
180 40 10,4E615D,Pine green
180 40 15,47635D,Forest greenery
180 40 20,40655E,Sea green
180 40 25,39665E,Eucalyptus green
180 40 30,2E675F,Fresh ivy green
180 40 35,25665D,Chrysocolla medium green
180 40 40,1C665D,Poster green
180 40 45,0E675E,Teal dark green
180 50 05,6F7877,Dusk green
180 50 10,657975,Refreshing green
180 50 15,5D7B75,Dull turquoise
180 50 20,567D75,Azurite water green
180 50 25,4E7E76,Copper mineral green
180 50 30,468176,Glass green
180 50 35,3E8276,Summer turquoise
180 50 40,358175,Christmas green
180 50 45,2B8377,Industrial turquoise
180 50 50,0E8376,Ocean green
180 60 05,86908F,Marble green-grey
180 60 10,7D928E,Tile green
180 60 15,76958F,Copper roof green
180 60 20,6E978F,Sage green
180 60 25,65988E,Petrol green
180 60 30,5E9B8F,Dioptase green
180 60 35,579D90,Stamp pad green
180 60 40,4D9E91,Light turquoise
180 60 45,439F91,Caribbean green
180 60 50,359F91,Brilliant turquoise
180 70 05,A1ABA9,Feldspar silver
180 70 10,96ADA8,Delicate green
180 70 15,8FB0A9,Silicate green
180 70 20,88B3AA,Mint bonbon green
180 70 25,7FB4A9,Glacial green
180 70 30,79B7AA,Bath turquoise
180 70 35,6EB8AA,Mountain lake azure
180 70 40,67BBAC,Pure cyan
180 80 05,BDC6C3,Aragonite white
180 80 10,B4CAC4,Light teal
180 80 15,ADCEC5,Whirlpool green
180 80 20,A2CFC4,Opal turquoise
180 80 25,9BD1C5,Light Capri green
180 80 30,97D6C8,Tender turquoise
180 85 05,C8D4D1,Sea haze grey
180 85 10,C1D8D1,Tierra del Fuego sea green
180 85 15,BBDCD2,Pale mountain lake turquoise
180 85 20,B0DDCF,Coral green
180 90 05,DAE5E1,Transparent green
180 90 10,D2EAE2,Ice water green
180 93 05,E2EEEA,Arctic white
180-1,AFB9C5,
180-2,BCCADC,
180-3,CAD8EB,
180-4,CDDFED,
180-5,C9DBE1,
180-6,DCE8EC,
180-M,96A2A8,
190 20 20,163838,Night turquoise
190 30 15,334C4B,Carriage green
190 30 20,2A4D4D,Stockade green
190 30 25,224E4F,Action green
190 30 30,174F51,Myrtle deep green
190 30 35,0F4F52,Plankton green
190 40 10,4F6060,Mud green
190 40 15,476263,Moor pond green
190 40 20,3F6464,Lush green
190 40 25,366566,Butterfly green
190 40 30,2D6667,Fashion blue
190 40 35,1B6769,Office blue green
190 40 40,10676A,Iguana green
190 40 45,0C6A6D,Dark teal
190 50 10,667979,Storm green
190 50 15,5E7B7A,Dark turquoise
190 50 20,567C7B,Fir blue
190 50 25,4D7E7D,Apatite blue
190 50 30,437F7F,Egyptian green
190 50 35,3B8081,Ornamental turquoise
190 50 40,308184,Eyeshadow turquoise
190 50 45,1B8386,Clear turquoise
190 60 10,7E9392,Subtle turquoise
190 60 15,779493,Pale verdigris
190 60 20,719796,Goose pond green
190 60 25,679998,Tourmaline turquoise
190 60 30,5E9A9A,Baltic green
190 60 35,549B9C,Ceramic blue turquoise
190 60 40,489C9E,Baltic turquoise
190 60 45,3C9B9D,Tyrolite blue-green
190 70 10,98ADAC,Marble green
190 70 15,90AFAD,Jade green
190 70 20,87B0AF,Spring water turquoise
190 70 25,7FB3B2,Florida turquoise
190 70 30,79B6B6,Hygiene green
190 70 35,6DB5B5,Arctic green
190 80 10,B3C9C6,Andean opal green
190 80 15,ACCCCA,Cold turquoise
190 80 20,A2CDCB,Teal blue
190 80 25,9ACFCD,Pool green
190 85 05,C5D4D3,Morning dew white
190 85 10,BDD8D4,Bath salt green
190 85 15,B2DBD5,Capri water blue
190 85 20,A6DDD6,Horizon blue
190 90 05,DAE4E2,Cool white
190 90 10,D1E8E5,Source blue
190 93 05,E3ECEA,Egyptian white
190-1,B0D6E0,
190-2,C2E2F3,
190-3,C4DCE1,
190-4,C0D8D8,
190-5,D6E3E7,
190-6,A6BFBF,
190-M,94B2B2,
200 20 05,2D3535,Concealed green
200 20 10,253536,Dark pine green
200 20 15,1C3337,Roof tile green
200 20 20,14363B,Shrub green
200 20 23,0A373E,Customs green
200 30 05,3F4848,Darkness green
200 30 10,394B4D,Tree bark green
200 30 15,334D50,Hornblende green
200 30 20,2B4E52,Malachite blue turquoise
200 30 25,1C4C51,Antique turquoise
200 30 30,0C4E56,Wool turquoise
200 30 33,014F5A,Ice dark turquoise
200 40 05,555F60,Calcite grey green
200 40 10,4F6162,Brochantite green
200 40 15,476265,Pyrite green
200 40 20,3F6468,Dusky alpine blue
200 40 25,36666B,Bath green
200 40 30,2A666E,Mayan blue
200 40 35,186670,Byzantine blue
200 40 40,0C6875,Active turquoise
200 50 05,6C7676,North grey
200 50 10,677A7C,Eye grey
200 50 15,5E7C7E,Nickel ore green
200 50 20,557C81,Seafoam green
200 50 25,4C7E85,Kandinsky turquoise
200 50 30,407F87,Caribbean turquoise
200 50 35,37828C,Well blue
200 50 40,27828E,Industrial blue
200 50 45,128191,India blue
200 60 05,869191,Shady grey
200 60 10,7F9394,North Cape grey
200 60 15,779599,Woad indigo
200 60 20,6F979C,Art nouveau turquoise
200 60 25,65989E,Coolbox ice turquoise
200 60 30,5B9AA0,Aquamarine blue
200 60 35,539AA5,Arctic blue
200 60 40,489CA8,Wax crayon blue
200 70 05,A1ABAB,Prince grey
200 70 10,99AFB0,Calcite blue
200 70 15,8FAFB2,Cold front green
200 70 20,88B3B5,Kingfisher turquoise
200 70 25,80B5BB,Fresh soft blue
200 80 05,BEC7C6,China light green
200 80 10,B3CACB,Baroque chalk soft blue
200 80 15,AACACA,Ice boutique turquoise
200 80 20,A3CFD1,Summer soft blue
200 80 25,9BD0D5,Mountain lake blue
200 85 05,C7D5D3,Raffia light grey
200 85 10,C2D9D8,Cold air turquoise
200 85 15,B9DCDB,Frosty soft blue
200 85 20,B0DEDE,Ice crystal blue
200 90 05,DCE7E3,Frosty green
200 90 10,D1E8E4,Frosty white blue
200 93 05,E3EEEA,Chilly white
2000,C7750F,Yellow orange
2001,A74D23,Red orange
2002,AC3721,Vermilion
2003,E17C30,Pastel orange
2004,CC5608,Pure orange
2005,FF4612,Luminous orange
2007,FFAD19,Luminous bright orange
2008,D66C21,Bright red orange
2009,C9560D,Traffic orange
2010,BC602D,Signal orange
2011,CF7421,Deep orange
2012,C2674F,Salmon orange
2013,824128,Pearl orange
2017,DC5B00,RAL orange
210 30 10,39494D,Graphite black green
210 30 15,314B51,Mallard blue
210 30 20,274D56,Transporter green
210 30 25,1E4C59,Deep Atlantic blue
210 30 30,104B5D,Kali blue
210 40 10,4D5F64,Linen grey
210 40 15,466269,China green blue
210 40 20,3D636C,Dusk blue
210 40 25,32626E,Trouser blue
210 40 30,206374,Indigo blue
210 40 35,11647A,Cold blue
210 40 38,06617A,Mary blue
210 50 10,65787D,Uniform green grey
210 50 15,5E7A80,Labradorite green
210 50 20,537B85,Enamel antique green
210 50 25,4A7D89,Cranach blue
210 50 30,3D7C8E,China blue
210 50 35,367E92,Glacier blue
210 50 40,207E96,Curaçao blue
210 50 45,107D9A,Atlantic blue
210 60 10,7E9296,Ash blue
210 60 15,749399,Baltic blue
210 60 20,6E97A1,Beach blue
210 60 25,6499A6,Basilica blue
210 60 30,5A99AA,Danube blue
210 60 35,4F99AD,Altdorf sky blue
210 60 40,4099B2,Garish blue
210 70 10,98AEB1,Storm grey
210 70 15,90AFB5,Persian blue
210 70 20,87B1BB,Aqua blue
210 70 25,7EB2BF,Maritime soft blue
210 70 30,75B4C5,Mountain blue
210 70 35,6BB5C9,Panorama blue
210 80 10,B7CBCE,Turquoise grey
210 80 15,ADCDD2,Dolphin blue
210 80 20,A3CDD6,Aroma blue
210 80 25,9BCFDC,Vibrant soft blue
210 85 05,C7D4D6,Siesta white
210 85 10,BDDADC,Mint blue
210 85 15,B9DBDE,Fine blue
210 85 20,B0DCE0,Pale blue
210 90 05,D9E4E5,Tulle soft blue
210 90 10,CFE6E6,Antarctic blue
210-1,CAC7B3,
210-2,E8E7D4,
210-3,E1E3DA,
210-4,D6E5E4,
210-5,D9E7E1,
210-6,D9E9D8,
210-M,A8ADA1,
220 20 05,2B3236,Navy black
220 20 10,25343B,Indigo carmine
220 20 15,1A343E,Artist blue
220 20 20,143543,Natural indigo
220 30 05,3F474A,Panda black
220 30 10,394A4F,Pallasite blue
220 30 15,344C56,Hurricane green blue
220 30 20,2A4C59,Watercolour blue
220 30 25,1C4D5F,Coral blue
220 30 30,0B4A63,Sandalwood grey blue
220 40 05,555F61,Limousine grey blue
220 40 10,4F6066,Corundum blue
220 40 15,47616D,Smock blue
220 40 20,3F6271,Mordant blue
220 40 25,356376,Cotton indigo
220 40 30,2B637E,Fjord blue
220 40 35,1C6482,Azure green blue
220 40 40,0E6487,Cyan blue
220 50 05,6F787B,Winter cloud grey
220 50 10,68787F,Cadet grey
220 50 15,5E7A85,Holbein blue grey
220 50 20,557B89,Shady blue
220 50 25,4D7B8E,Fresco blue
220 50 30,407A93,Craftsman blue
220 50 35,377D9A,Marker blue
220 50 40,277DA0,Toy blue
220 60 05,869092,Deep sea grey
220 60 10,7F9199,Tile blue
220 60 15,78949F,Morning blue
220 60 20,6D94A5,Frost blue
220 60 25,6495AA,Summer turquoise blue
220 60 30,5C98B1,Fischer blue
220 60 35,5196B3,Planet blue
220 60 40,4696BA,January blue
220 70 05,A1ABAF,Tempered grey
220 70 10,9BAEB5,Mohair soft blue grey
220 70 15,92B0BB,Kitchen blue
220 70 20,89B1C0,Culinary blue
220 70 25,7EB0C5,Blouson blue
220 70 30,74B0C8,Mountain range blue
220 70 35,6AB2D1,Holiday blue
220 80 05,BCC6C9,Frost grey blue
220 80 10,B6CBD2,Clinical soft blue
220 80 15,A9C9D5,Childrens soft blue
220 80 20,A5CDDE,Tourmaline water blue
220 80 25,9ECFE2,Fresh blue
220 85 05,CBD6D9,Transparent blue
220 85 10,C1D7DF,Ice shard soft blue
220 85 15,B8D9E4,Polar blue
220 90 05,D9E5E6,Cold soft blue
220 90 10,CEE4E7,Full moon grey
220-1,78B97A,
220-2,539A5B,
220-3,256E46,
220-4,3F835B,
220-5,427E57,
220-6,266853,
220-M,217D4C,
230 20 10,27353D,Ore bluish black
230 20 15,213542,Firmanent blue
230 20 20,133246,Prussian blue
230 30 10,3D4B53,Galenite blue
230 30 15,334A57,Berry blue green
230 30 20,2B4A5D,Teal dark blue
230 30 25,214B64,Thunderstorm blue
230 40 10,505F69,Cone green blue
230 40 15,49606E,Juniper berry blue
230 40 20,416275,Loon turquoise
230 40 25,35607B,Workshop blue
230 40 30,2E6282,Pilot blue
230 40 35,176189,Ink blue
230 40 40,0C608D,Techno blue
230 50 10,677881,Gravel grey blue
230 50 15,607A88,Spruce blue
230 50 20,597B8F,Casual blue
230 50 25,507A94,Forget-me-not blue
230 50 30,437C9D,Zircon blue
230 50 35,3B7AA1,Lagoon blue
230 50 40,2779A8,Azores blue
230 60 10,81939D,Kingfisher grey
230 60 15,7892A1,Silver fir blue
230 60 20,7093A9,Pyjama blue
230 60 25,6692AF,Starflower blue
230 60 30,5D92B4,Sports blue
230 60 35,5394BE,Greek blue
230 60 40,4593C4,Alpine blue
230 70 10,9DAEB9,Ice gull grey blue
230 70 15,92AFBE,Thistleblossom soft blue
230 70 20,89AEC5,Tennis blue
230 70 25,83AFCC,Vintage blue
230 70 30,78B0D2,Fitness blue
230 80 10,B7C9D4,Pallid blue
230 80 15,ADC7D7,Alpine morning blue
230 80 20,A6CAE0,Light blue
230 85 05,CBD4DB,Polar soft blue
230 85 10,C1D4E0,Washing powder white
230 85 15,BBD6E7,Himalaya white blue
230 85 20,B3D8EE,Atmospheric soft blue
230 90 05,DAE3E5,Brilliant white
230-1,BDDEA0,
230-2,9CCB76,
230-3,84B753,
230-4,689A47,
230-5,436B3F,
230-6,3F5E37,
230-M,6CA457,
240 20 05,2E3438,Nightshade blue
240 20 10,27333D,Elderberry black
240 20 15,223444,Metal blue
240 20 20,18334A,Crowberry blue
240 20 22,11314B,Rich blue
240 30 05,41484D,Diamond grey
240 30 10,3B4954,Dirty blue
240 30 15,364A5B,Deep sea blue
240 30 20,2D4960,Lazurite blue
240 30 25,1E4867,Work blue
240 30 30,12486D,Gemstone blue
240 30 35,0B4872,Captain blue
240 40 05,565E64,Blue anthracite
240 40 10,515F6B,Blackthorn blue
240 40 15,4A6073,Celeste blue
240 40 20,405F78,Denim blue
240 40 25,386080,Orient blue
240 40 30,2C5E87,Sailor blue
240 40 35,125E8D,Stone blue
240 40 40,0A5D94,Pure light blue
240 50 05,6F777C,Smoky blue
240 50 10,677683,Tool blue
240 50 15,60788B,Technical blue
240 50 20,577792,Coelin blue
240 50 25,4F7899,Greenland blue
240 50 30,4677A0,Summer blue
240 50 35,3676A7,Advertising blue
240 50 40,2A75AD,Indian ink blue
240 60 05,879097,Carrier pigeon blue
240 60 10,7E8F9C,Bird blue
240 60 15,7890A4,Architecture blue
240 60 20,7192AD,Shirt blue
240 60 25,6992B4,Steel light blue
240 60 30,5E91BC,Fairytale blue
240 60 35,5491C3,Princess blue
240 60 40,4A92C7,Clear blue
240 70 05,A2AAB1,Laundry blue
240 70 10,9BABB8,Eye blue
240 70 15,93ACC1,Bermuda blue
240 70 20,8BACC7,Sea blue
240 70 25,84ADCF,Madonna blue
240 70 30,78ABD5,Caribbean blue
240 80 05,BCC5CB,Hazy blue
240 80 10,B8C8D6,Light topaz soft blue
240 80 15,B0C8DD,Baby blue
240 80 20,A7C9E5,Crystal blue
240 85 05,CBD4DB,Ice grey
240 85 10,C3D4E2,Air blue
240 85 15,BBD5EA,Paris blue
240 90 05,DAE3E9,Soft blue white
240 90 10,D1E5EF,Chalky blue white
240-1,D6DA96,
240-2,A4B36C,
240-3,8C9A5A,
240-4,788249,
240-5,5C6F41,
240-6,52703D,
240-M,617441,
250 20 20,17304B,Cosmos blue
250 20 25,112E50,Dark denim blue
250 30 15,34465A,Black Forest blue
250 30 20,2C4662,Swallow blue
250 30 25,25476A,Navy dark blue
250 30 30,144571,Pompeii blue
250 40 10,525E6C,Trekking blue
250 40 15,4B5E74,Steel blue grey
250 40 20,435D79,Berry blue
250 40 25,3A5D82,Linen blue
250 40 30,2E5D8A,Pool blue
250 40 35,1F5B90,Kingfisher blue
250 40 40,155B95,Europe blue
250 50 10,697684,Metal grey
250 50 15,62758C,Titanium blue
250 50 20,5C7693,Mallorca blue
250 50 25,54759B,Linoleum blue
250 50 30,4B74A4,Prominent blue
250 50 35,4074AC,Turkish blue
250 50 40,3074B4,Primal blue
250 60 10,818E9E,Bird blue grey
250 60 15,7C8FA7,Gentle blue
250 60 20,748EAF,Aragonite blue
250 60 25,6D8EB7,Pearl blue
250 60 30,648EBE,Topaz blue
250 60 35,5C8DC7,Stratos blue
250 60 40,548ECF,Structural blue
250 70 10,9CAABA,Foggy blue
250 70 15,96AAC2,Chalk blue
250 70 20,8FA9CA,Medium blue
250 70 25,89AAD2,Meadow blossom blue
250 70 30,80A9D9,Broom butterfly blue
250 80 10,B9C6D6,Light cyan
250 80 15,B4C8DE,Himalaya blue
250 80 20,A9C3E4,Velvet blue
250 85 05,CAD0D8,White blue
250 85 10,C4D1E2,Washing powder soft blue
250 85 15,BFD3EA,Diamond soft blue
250 90 05,DBE1E8,Ice white
250-1,E9E9A9,
250-2,E1E37A,
250-3,B5BD2C,
250-4,9CAA4D,
250-5,899542,
250-6,626932,
250-M,A8A94A,
260 20 05,2F343A,Blue-black
260 20 10,2B333F,Nato blue
260 20 15,223045,Suit blue
260 20 20,1E314B,Halite blue
260 30 05,42474E,Alpine duck grey
260 30 10,3F4756,Bronze blue
260 30 15,3A475C,Berlin blue
260 30 20,344663,French blue
260 30 25,2A4569,Tanzanite blue
260 30 30,254672,Opal blue
260 30 35,14437B,Royal blue
260 40 05,585D64,Swedish blue
260 40 10,565F6E,Sheet blue
260 40 15,515E75,Plum blue
260 40 20,485B7A,Cadet blue
260 40 25,435C83,Enamel blue
260 40 30,3D5C89,Copenhagen blue
260 40 35,335A90,Bauhaus blue
260 40 40,205A9B,Navy blue
260 40 45,1458A2,LED blue
260 50 05,6F747C,Spitsbergen blue
260 50 10,6C7484,Cypress grey blue
260 50 15,67748C,Mahonia berry blue
260 50 20,647694,Doves blue
260 50 25,5D759E,Biedermeier blue
260 50 30,5574A7,Beijing blue
260 50 35,4C72AC,Vermeer blue
260 50 40,4373B7,Meissen blue
260 60 05,888E96,Seal grey
260 60 10,848D9E,Diopside blue
260 60 15,8390A9,Nordland blue
260 60 20,7B8EAF,Cranberry blue
260 60 25,768EB7,Lupine blue
260 60 30,708EC0,Blueberry soft blue
260 60 35,678DC8,Brilliant blue
260 70 05,A6ABB3,Northern light grey
260 70 10,A1AABB,Petrel blue grey
260 70 15,9AA9C3,Nordland light blue
260 70 20,96A9CC,Matte blue
260 70 25,8EA8D4,Pacific blue
260 80 05,C0C5CE,Light blue grey
260 80 10,BBC4D6,Powder soft blue
260 80 15,B5C4DE,Wind blue
260 85 05,CCD0D8,Satin white
260 85 10,C8D2E4,Sea breeze green
260 90 05,DCE0E5,Milk blue
260-1,EEEBB7,
260-2,EBE88B,
260-3,E8DA58,
260-4,DBC53C,
260-5,D0B640,
260-6,DEBA33,
260-M,AB9756,
270 20 20,212E4C,Crow black blue
270 20 25,192C52,Indigo black
270 20 29,132C5B,Effervescent blue
270 30 15,3C455C,Midnight blue
270 30 20,384463,Dark blue
270 30 25,32446B,Grape blue
270 30 30,2A4171,Medici blue
270 30 35,21407A,Colibri blue
270 30 40,163D81,Prince blue
270 40 15,545C74,Pewter grey
270 40 20,4E5B7C,Parlour blue
270 40 25,4B5B84,Functional blue
270 40 30,44588B,Make-up blue
270 40 35,3C5793,Lapis lazuli blue
270 40 40,33559A,Magic blue
270 50 10,6E7586,Brocade blue
270 50 15,6C758F,Noble blue
270 50 20,677396,Delft blue
270 50 25,63739E,Cocktail blue
270 50 30,5C70A6,Sage blossom blue
270 50 35,556EAB,Viennese blue
270 50 40,4F6FB6,Cornflower blue
270 60 10,868D9F,Fantasy grey
270 60 15,858EA9,Lilac blue
270 60 20,808CB1,Lavender blue
270 60 25,7B8CB9,Delphinium blue
270 60 30,778BC2,Eyeshadow blue
270 60 35,6F88C8,Butterfly blue
270 70 10,A3A9BC,Feather soft blue
270 70 15,9FA8C4,Satin soft blue
270 70 20,9CA8CE,Angel blue
270 70 25,94A4D3,Boy blue
270 80 10,BFC4D7,Light pearl soft blue
270 80 15,B9C1DE,Retina soft blue
270 85 05,CED0D7,Angel hair silver
270 85 10,CACFE3,Mother-of-pearl silver
270 85 15,C5CEE9,Murano soft blue
270 90 05,DEE0E8,Bleached white
270-1,F6E389,
270-2,EDD14F,
270-3,E5C436,
270-4,DCB800,
270-5,E4BD04,
270-6,EFCB4F,
270-M,AF8E36,
280 20 05,33343A,Granite black
280 20 10,303241,Diamond black
280 20 15,2D3146,Crow black
280 20 20,282F4B,Manganese black
280 20 25,252F53,Elite blue
280 20 30,202D59,Ambassador blue
280 30 05,44464D,Smoking night blue
280 30 10,444756,Meteorite black blue
280 30 15,42455E,Anthracite blue
280 30 20,3F4565,Garnet stone blue
280 30 25,3B436B,Hydrogen blue
280 30 30,344171,Deep blue
280 30 35,324077,Theatre blue
280 30 40,2C407E,Poster blue
280 40 05,5B5D64,Gallery grey
280 40 10,595B6C,Suede indigo
280 40 15,565A73,Dark lavender
280 40 20,54597C,Starry sky blue
280 40 25,525984,Indigo navy blue
280 40 30,4E578A,Evening blue
280 40 35,495691,Portuguese blue
280 40 40,425499,Neptune blue
280 40 45,3A52A0,Hyacinth blue
280 50 05,72757E,Noble grey
280 50 10,717485,Ice blue grey
280 50 15,6F728C,Granite blue
280 50 20,6C7095,Lavender mauve
280 50 25,69709D,Costume blue
280 50 30,666EA4,Light mauve
280 50 35,626DAB,Sapphire shimmer blue
280 50 40,5E6DB6,Diva violet
280 60 05,8B8D96,Tulle grey
280 60 10,898B9E,Sweet lavender
280 60 15,888AA6,Marble blue
280 60 20,868AAF,Misty violet
280 60 25,8288B7,Opal violet
280 60 30,8088BE,Persian violet
280 60 35,7C87C8,Organza violet
280 70 05,A5A6B0,Taupe grey
280 70 10,A6A8BA,Tulle violet
280 70 15,A3A6C2,Foxflower viola
280 70 20,A1A5CC,Lilac scent soft blue
280 70 25,9EA4D3,Aster flower blue
280 80 05,C4C5CE,Viola ice grey
280 80 10,C1C2D5,Hyacinth white soft blue
280 80 15,BBBFDC,Violet scent soft blue
280 85 05,CFD1D8,Pebble soft blue white
280 85 10,CBD0E1,Jewellery white
280 90 05,DEE0E9,Mauve white
280 93 05,E7E9F1,Porcelain white
280-1,F5E599,
280-2,E6D795,
280-3,D5C17D,
280-4,C9B365,
280-5,CBA74A,
280-6,C19C46,
280-M,A78C49,
290 20 10,2C2C3C,Spinel stone black
290 20 15,2F2D42,Black violet
290 20 20,2F2F4C,Tropical night blue
290 20 25,2B2B51,Indigo violet
290 20 30,252855,Ultramarine violet
290 20 35,23275D,Schiava blue
290 30 10,444253,Flintstone blue
290 30 15,44425A,Spinel black
290 30 20,413F60,Church blue
290 30 25,403E68,Gloomy blue
290 30 30,3E3D6F,Lviv blue
290 30 35,3C3D77,British mauve
290 30 40,383A7D,Official violet
290 40 10,5B5A6B,Shearwater black
290 40 15,5B5872,Agate violet
290 40 20,59567B,Deep lavender
290 40 25,575380,Dusk mauve
290 40 30,545187,Rich violet
290 40 35,524F8E,Onion skin blue
290 40 40,504F97,Iris blue
290 40 45,4C4E9E,Violet blue
290 50 10,727184,Ash mauve
290 50 15,716F89,Stormy mauve
290 50 20,706C92,Silk crepe mauve
290 50 25,706B9A,Hyacinth mauve
290 50 30,6E6AA1,Mountain flower mauve
290 50 35,6B68A9,Chalcedony violet
290 50 40,6967B1,Gladiola blue
290 60 10,8B899E,Lavender blossom grey
290 60 15,8B88A5,Delicate violet
290 60 20,8884AD,Opera mauve
290 60 25,8985B6,Soft blue lavender
290 60 30,8783BD,Pleated mauve
290 60 35,8280C3,True lavender
290 70 10,A7A5BA,Cream violet
290 70 15,A6A2C2,Wisteria light soft blue
290 70 20,A4A1C9,Blossom mauve
290 70 25,A29ED1,Sorbet ice mauve
290 80 10,C2C0D4,Tulip soft blue
290 80 15,C2BFDB,Pale lilac
290 85 05,D4D2D9,Limestone mauve
290 85 10,CECDE7,Orchid white
290 90 05,E0E0E7,Violet white
290 93 05,E7E7EF,Lilac white
290-1,C8A056,
290-2,B08A43,
290-3,CAAE66,
290-4,BC972D,
290-5,D7B64C,
290-6,EAB229,
290-M,AA833B,
300 20 05,343239,Night black
300 20 10,312D3C,Heron blue
300 20 15,312C42,Viola black
300 20 20,312A47,Blackberry black
300 20 25,30284B,Cardinal mauve
300 20 30,2E2653,Ceremonial purple
300 30 05,47454D,Night grey
300 30 10,474254,Mourning violet
300 30 15,474058,Club grey
300 30 20,473E5E,Mulberry mauve black
300 30 25,483D65,Evening mauve
300 30 30,473B6B,Opera blue
300 30 35,463A71,Deep violet
300 30 40,443777,Sage violet
300 40 05,5E5C64,Baroque grey
300 40 10,5D5869,Gobelin mauve
300 40 15,5D566F,Orchid grey
300 40 20,5E5476,Old mauve
300 40 25,5E527D,Parma mauve
300 40 30,5F5084,Wool violet
300 40 35,5E4F88,Fine purple
300 40 40,5B4B8E,Clematis blue
300 40 45,5B4A96,Coronation blue
300 50 05,74737B,Hawk grey
300 50 10,767082,Violet grey
300 50 15,766E89,Capercaillie mauve
300 50 20,776C90,Parisian violet
300 50 25,776996,Tulip violet
300 50 30,77679D,Toy mauve
300 50 35,7866A4,Wintertime mauve
300 50 40,7663AB,Clear mauve
300 60 05,8E8D96,Partridge grey
300 60 10,8F899C,Rose grey
300 60 15,9087A3,Antique viola
300 60 20,9084AA,Larkspur violet
300 60 25,9081B0,Silk lilac
300 60 30,907FB8,Heliotropic mauve
300 60 35,8F7CBE,Amethyst grey
300 70 05,A9A7B1,Velvet grey
300 70 10,AAA3B7,Morning mist grey
300 70 15,ABA1BF,Eyeshadow viola
300 70 20,ACA0C6,Lavender violet
300 70 25,AC9CCD,Pink lavender
300 80 05,C6C3CC,Hazy mauve
300 80 10,C4BED4,Pale violet
300 80 15,C7BDDB,Ice mauve
300 85 05,D2CFD6,Delicate viola
300 85 10,D5CBE1,Powder viola white
300 90 05,E1DFE8,Translucent white
3000,962A27,Flame red
3001,8F1E24,Signal red
3002,8D1F24,Carmine red
3003,7C0D24,Ruby red
3004,651927,Purple red
3005,561E27,Wine red
3007,3D2326,Black red
3009,643730,Oxide red
3011,6E2124,Brown red
3012,B7856E,Beige red
3013,8A2F28,Tomato red
3014,BC6F72,Antique pink
3015,CC9EA4,Light pink
3016,963D2F,Coral red
3017,B9535B,Rose
3018,B63C49,Strawberry red
3020,AB1519,Traffic red
3022,BE6954,Salmon pink
3024,EE1729,Luminous red
3026,F71027,Luminous bright red
3027,9E1B3C,Raspberry red
3028,B92726,Pure red
3031,973238,Orient red
3032,661925,Pearl ruby red
3033,94352D,Pearl pink
310 20 20,382C46,Obsidian lava black
310 20 25,3B2A4C,Operetta mauve
310 20 30,392650,Powerful violet
310 30 15,4E4359,Dark grey mauve
310 30 20,4D3E5C,Powerful mauve
310 30 25,4F3C62,English violet
310 30 30,523968,Crystal purple
310 30 35,51376A,Succinct violet
310 30 40,533671,Loden purple
310 40 10,635B6B,Dark pink
310 40 15,655971,Violet haze
310 40 20,675776,Indigo red
310 40 25,68537B,Charoite violet
310 40 30,674F7E,Royal purple
310 40 35,694E84,Magenta violet
310 40 40,6C4C8A,Pure mauve
310 50 10,7A7183,Dull mauve
310 50 15,7C6F89,Batik lilac
310 50 20,7F6D8E,Provence violet
310 50 25,806A94,Baroness mauve
310 50 30,82689A,Bitter violet
310 50 35,82659E,Violet rose
310 50 40,8363A4,Orchid mauve
310 60 10,92899C,Gentle mauve
310 60 15,9688A2,Smoky mauve
310 60 20,9985A8,Saffron blossom mauve
310 60 25,9B82AD,Flirty pink
310 60 30,9D80B2,Peony mauve
310 60 35,9E7CBA,Lilac purple
310 70 10,AEA4B5,Amorphous rose
310 70 15,B1A1BC,Transparent mauve
310 70 20,B29EC1,Blue pink
310 70 25,B49CC7,Glass violet
310 80 10,C9BFD1,Powder viola
310 80 15,CDBDD8,Orchid violet
310 85 05,D4D1D8,Fairy pink
310 85 10,D8CDE0,Tricot lilac white
310 90 05,E6E1E7,Wallflower white
310-1,ECD8B6,
310-2,DFC59A,
310-3,D1AF77,
310-4,C1975A,
310-5,AB8049,
310-6,825E33,
310-M,A98153,
320 20 05,363239,Lava black
320 20 10,372D3A,Obsidian red
320 20 15,382A3E,Spinel violet
320 20 20,3D2742,Aubergine mauve
320 20 25,3C2445,Dark purple
320 30 05,49444B,Violet black
320 30 10,4C424F,Stone violet
320 30 15,4D3D52,Amethyst dark violet
320 30 20,503956,Dark blackberry
320 30 25,54375B,Purpurite violet
320 30 30,553560,Damson mauve
320 30 35,583264,Grape purple
320 30 37,5A3168,Lounge violet
320 40 05,615C63,Slate mauve
320 40 10,625866,Olivine basalt
320 40 15,66556B,Antique grey
320 40 20,685270,Basil mauve
320 40 25,6A4F74,Gladiola violet
320 40 30,6D4977,Cabbage blossom violet
320 40 35,70467B,Lilac violet
320 40 40,734382,Violet purple
320 50 05,767279,Grey violet
320 50 10,7A6E7E,British grey mauve
320 50 15,7D6B83,Parma grey
320 50 20,826A88,Cyclamen
320 50 25,83648D,Poetry mauve
320 50 30,876393,Viola grey
320 50 35,895C95,Aster violetta
320 50 40,8C5D9B,Empire violet
320 60 05,918C94,Aragonite grey
320 60 10,948998,Chalk violet
320 60 15,98869E,Amethyst grey violet
320 60 20,9B80A2,Wonder violet
320 60 25,9D7EA7,Nightshade violet
320 60 30,A17AAD,Lobby lilac
320 60 35,A477B0,Blackberry sorbet
320 70 05,ABA5AE,Elderberry grey
320 70 10,AEA1B4,Bellflower violet
320 70 15,B19EB9,Quartz violet
320 70 20,B99DC1,Beach lilac
320 70 25,BB97C4,Lilac pink
320 80 05,C8C1C9,Light violet
320 80 10,CCBECF,Amethyst light violet
320 80 15,CFB9D3,Cosmetic mauve
320 85 05,D4CED6,Blackberry cream
320 85 10,DACBDD,Ametrine quartz
320 90 05,E6DFE5,Apatite pink
320-1,C5AD71,
320-2,A28456,
320-3,AB8950,
320-4,926A3A,
320-5,745233,
320-6,65472D,
320-M,A97A2E,
330 20 20,40283E,Profound mauve
330 20 25,452543,Opulent mauve
330 30 15,523F51,Currant violet
330 30 20,563C54,Mexican purple
330 30 25,593857,Parma plum red
330 30 30,5E355A,Intense purple
330 30 35,63315E,Opulent purple
330 30 40,652A5F,Intense mauve
330 40 10,665966,Patina violet
330 40 15,6A5669,Dark purple grey
330 40 20,6E546E,Amaranth red
330 40 25,725071,Deep magenta
330 40 30,784C74,Phloxflower violet
330 40 35,7C4978,Thistle mauve
330 40 40,7C4278,Visiona red
330 40 45,813D7A,Purpurite red
330 50 10,7D6F7D,Burlap grey
330 50 15,836D82,Sapphire pink
330 50 20,876A86,Dianthus mauve
330 50 25,8B6789,Crystal pink
330 50 30,90648E,Tulipan violet
330 50 35,936091,Violet red
330 50 40,985A92,Orchid purple
330 60 10,978998,Greige violet
330 60 15,9D869D,Vesuvian violet
330 60 20,A283A0,Gentian violet
330 60 25,A47EA1,Wilhelminian pink
330 60 30,A97BA6,Stage mauve
330 60 35,AF76AA,Cheddar pink mauve
330 60 40,B273AE,Colombo red mauve
330 70 10,B3A3B3,Mist pink
330 70 15,B69FB5,Leek blossom pink
330 70 20,BD9CBA,Strawberry pink
330 70 25,C398BE,Purple pink
330 70 30,C695BF,Clover pink
330 80 10,CFBECD,Purple white
330 80 15,D3BBD1,Lovely pink
330 80 20,DCB8D5,Designer pink
330 85 05,D7D1D8,Light magnolia rose
330 85 10,DECCDC,Raspberry pink
330 85 15,E3C9DF,Heavenly pink
330 90 05,E9E0E4,Delicacy white
330-1,9B695A,
330-2,814E38,
330-3,6F5041,
330-4,553E30,
330-5,4B352E,
330-6,423430,
330-M,805B45,
340 20 05,363035,Liquorice black
340 20 10,392B34,Mangosteen violet
340 20 15,3B2534,Sitter red
340 20 20,41263A,Juice violet
340 20 25,48263D,Prestige mauve
340 30 05,4A4449,Apple herb black
340 30 10,4F3F4A,Passionfruit mauve
340 30 15,533C4C,Dark fig violet
340 30 20,57394D,Ruby violet
340 30 25,5D3552,Blackberry deep red
340 30 30,5F3052,Deep red
340 30 35,632954,Velvet mauve
340 30 38,682455,Forest fruit red
340 40 05,60595F,Mauve brown
340 40 10,665661,Spinel grey
340 40 15,6B5363,Earth brown violet
340 40 20,704F65,Dahlia matte red
340 40 25,754B69,Brocade violet
340 40 30,79476B,Madder magenta
340 40 35,7B406C,Club mauve
340 40 40,7F3C6D,Cherry red
340 40 45,893371,Magenta red
340 50 05,797277,Jubilee grey
340 50 10,806E7A,Port wine red
340 50 15,856A7C,Raw garnet viola
340 50 20,8A677E,Milkwort red
340 50 25,8E6281,Rust magenta
340 50 30,935E83,Raspberry jelly red
340 50 35,975886,Thimble red
340 50 40,9E5388,Cyclamen red
340 50 45,A34D89,Brilliant carmine
340 60 05,948C92,Heather red grey
340 60 10,998793,Piano mauve
340 60 15,A08497,Evening pink
340 60 20,A47F99,Capri fashion pink
340 60 25,A87A9A,Antique hot pink
340 60 30,AD779E,Cheek red
340 60 35,B473A0,Hollyhock blossom pink
340 60 40,B86FA1,Bishop red
340 70 05,ADA5AB,Mauve grey
340 70 10,B3A1AE,Buckwheat mauve
340 70 15,BB9DB2,Hollyhock pink
340 70 20,BF9AB4,Idyllic pink
340 70 25,C495B4,Morning glory pink
340 70 30,CB90B9,Soft fuschia
340 70 35,D18DBB,Firm pink
340 80 05,CBC2C6,Piano grey rose
340 80 10,D2BFCB,Mint blossom rose
340 80 15,D7BACD,Scandalous rose
340 80 20,DEB7CF,Bonbon rose
340 85 05,D7CED4,Strawberry cream
340 85 10,E0CBD9,Light flamingo pink
340 85 15,E8C9DC,Lacquer mauve
340 90 05,E9DFE2,Rose white
340 93 05,EFE6ED,Dress pink
340-1,B7A2A8,
340-2,9D8B91,
340-3,765553,
340-4,603E42,
340-5,4A2C30,
340-6,4A2B32,
340-M,4E373C,
350 20 10,392C34,Mulled wine red
350 20 15,3E2934,Soft red
350 20 20,442435,Star ruby
350 20 25,472136,Chilli black red
350 20 30,521C39,Tulip poplar purple
350 30 10,4F4047,Sparrow grey red
350 30 15,553E49,Siliceous red
350 30 20,5B3A4A,Liqueur red
350 30 25,5F354B,Wine gummy red
350 30 30,65324C,Burlat red
350 30 35,682A4C,Bordeaux red
350 30 40,6C224D,Dried flower purple
350 40 10,685860,Aubergine grey
350 40 15,6D5460,Opium mauve
350 40 20,725062,Grey carmine
350 40 25,764C62,Nectar red
350 40 30,7D4863,Dark rose
350 40 35,814264,Bonbon red
350 40 40,863F65,Cyclamen red
350 40 45,8A3765,Powder red
350 40 50,922D66,Madder red
350 50 10,806E77,Innocent pink
350 50 15,866B78,Blunt violet
350 50 20,8C677A,Corundum red
350 50 25,92637B,Batik pink
350 50 30,97617D,Beryl red
350 50 35,9F5A7C,Crimson
350 50 40,A1557B,Madder rose
350 50 45,A6507E,Signal pink
350 50 50,B14A7E,Nail polish pink
350 60 10,9A8892,Art Nouveau violet
350 60 15,A08492,Mohair pink
350 60 20,A88195,Heather violet
350 60 25,AE7C94,Heather rose
350 60 30,B57996,Venetian pink
350 60 35,B97396,Dolomite red
350 60 40,C06F97,Camellia pink
350 60 45,C36B99,Persian pink
350 70 10,B6A3AB,Cold pink
350 70 15,BC9EAC,Shady pink
350 70 20,C098AC,Ladys cushions pink
350 70 25,CA97AF,Coral pink
350 70 30,D192B0,Techno pink
350 70 35,D78EB1,Chewing gum pink
350 80 10,D2BDC6,Magnolia white
350 80 15,D9BAC7,Spring pink
350 80 20,E0B6CB,Light pink
350 85 05,D8CED4,Fairy white
350 85 10,E2CCD6,Orchid rose
350 85 15,E8C8D6,Pale pink
350 90 05,EADFE1,Light rose
350 90 10,F0DAE5,Ranuncula white
350 93 05,F1E6EB,Clichy white
350-1,8E3223,
350-2,983F34,
350-3,934936,
350-4,743326,
350-5,6D3426,
350-6,5D362E,
350-M,50302C,
360 20 15,40282E,Piermont stone red
360 30 05,4B4446,Soot red
360 30 10,503F45,Peppercorn red
360 30 15,553B44,Zinfandel red
360 30 20,5C3945,Art deco red
360 30 25,5F3445,Clinker red
360 30 30,642F44,Cherry juice red
360 30 35,6A2942,Palace red
360 30 40,712444,Ember red
360 40 05,625A5D,Roasted black
360 40 10,67565D,Mocha brown
360 40 15,6C525B,Ruby grey
360 40 20,734F5C,Baroque red
360 40 25,784A5B,Frenzied red
360 40 30,7F465B,Redcurrant
360 40 35,85425C,Orient pink
360 40 40,8B3D5C,Aurora magenta
360 40 45,8F355A,Cardinal red
360 40 50,942A58,Parlour red
360 50 05,7C7275,Pumice grey
360 50 10,806E75,Pomace red
360 50 15,876A74,Evening crimson
360 50 20,8C6775,Copper pink
360 50 25,946273,Art Nouveau pink
360 50 30,9A5F75,Cosmetic red
360 50 35,A25974,Indian pink
360 50 40,A85773,Kir royale rose
360 50 45,B05074,Cockscomb red
360 50 50,B14A72,Persian red
360 60 05,958D90,Ash pink
360 60 10,9A878E,Majolica mauve
360 60 15,A1848E,Fig fruit mauve
360 60 20,A9818F,Noble lilac
360 60 25,AE7B8E,Light red
360 70 05,B0A7AA,Tea blossom pink
360 70 10,B6A1A8,Quartz pink
360 70 15,BE9EA8,Opaline pink
360 80 05,CDC2C5,Mother-of-pearl pink
360 80 10,D3BEC4,Venetian pink
360 80 15,DCBAC5,Soap pink
360 85 05,DCD1D2,Theatre powder rose
360 85 10,E3CCD3,Lotus pink
360 90 05,EDE0E1,Ice pink
360 90 10,F2DAE0,Cake frosting
360 93 05,F3E6E9,Arrowhead white
360-1,CD8034,
360-2,C7782B,
360-3,B36623,
360-4,A6582E,
360-5,8C5231,
360-6,845337,
360-M,965A39,
370-1,EEB450,
370-2,EEA340,
370-3,E9972B,
370-4,D4862A,
370-5,C27C2B,
370-6,BA7119,
370-M,A77743,
380-1,EFA334,
380-2,EC9A18,
380-3,E48A26,
380-4,CE7528,
380-5,DE7D36,
380-6,D66E2C,
380-M,985734,
390-1,D87944,
390-2,CF632C,
390-3,CB561A,
390-4,C65222,
390-5,C64918,
390-6,BC6030,
390-M,AE6740,
4001,7C5B80,Red lilac
4002,823A4B,Red violet
4003,B65A88,Heather violet
4004,5F1837,Claret violet
4005,746395,Blue lilac
4006,852E6F,Traffic purple
4007,44263C,Purple violet
4008,7C477D,Signal violet
4009,95838F,Pastel violet
4010,AC3B71,Telemagenta
4011,685C80,Pearl violet
4012,67657A,Pearl blackberry
410-1,DB8267,
410-2,D77551,
410-3,D16643,
410-4,C95F3B,
410-5,C05639,
410-6,BE5E45,
410-M,9C492C,
420-1,E0AD9B,
420-2,E29E86,
420-3,D78C6D,
420-4,D16646,
420-5,BA593C,
420-6,AE5234,
420-M,904E36,
430-1,E7C2B6,
430-2,DD998A,
430-3,D47F74,
430-4,CC574E,
430-5,C3403D,
430-6,AD3A27,
430-M,984F49,
440-1,B8343E,
440-2,C1494A,
440-3,AA3A3F,
440-4,8E272E,
440-5,972F2C,
440-6,A93429,
440-M,8B1F25,
450-1,EBC5C9,
450-2,E1A2A9,
450-3,D07780,
450-4,B85561,
450-5,A12F32,
450-6,AB1522,
450-M,98111A,
460-1,E2A0A5,
460-2,D37B87,
460-3,CE5E67,
460-4,C24F54,
460-5,99363C,
460-6,80102A,
460-M,9D3D43,
470-1,E5B0BF,
470-2,D8879A,
470-3,CE6F81,
470-4,BA4865,
470-5,9E224A,
470-6,8F143E,
470-M,A34C5B,
480-1,EBC8C8,
480-2,EABEBD,
480-3,E3B8BB,
480-4,E1A2AF,
480-5,DA8C9C,
480-6,CA6880,
480-M,9B6E73,
490-1,EBCDCF,
490-2,EDC9C3,
490-3,DA9991,
490-4,B57A77,
490-5,B27D8A,
490-6,C79CA6,
490-M,9A7883,
5000,35496B,Violet blue
5001,294763,Green blue
5002,193278,Ultramarine blue
5003,203151,Sapphire blue
5004,1E222C,Black blue
5005,134A85,Signal blue
5007,466589,Brillant blue
5008,2F3A44,Grey blue
5009,365875,Azure blue
5010,0E457A,Gentian blue
5011,222C3E,Steel blue
5012,457FB3,Light blue
5013,212F51,Cobalt blue
5014,667691,Pigeon blue
5015,3172AD,Sky blue
5017,0F518A,Traffic blue
5018,47848D,Turquoise blue
5019,265682,Capri blue
5020,113E4D,Ocean blue
5021,216D76,Water blue
5022,282C58,Night blue
5023,4D648A,Distant blue
5024,6C8DAA,Pastel blue
5025,3C6379,Pearl gentian blue
5026,1B2B4D,Pearl night blue
510-1,E5C5DB,
510-2,D6A0C7,
510-3,C87EAC,
510-4,B75D89,
510-5,AC4173,
510-6,8F3467,
510-M,853C71,
520-1,E9CFDE,
520-2,DFB6D0,
520-3,D2A0BE,
520-4,AE6E90,
520-5,944A6D,
520-6,884F6D,
520-M,925387,
530-1,8C434D,
530-2,833F4E,
530-3,6F3545,
530-4,722D49,
530-5,5F243E,
530-6,5B2949,
530-M,542F3A,
540-1,CFBDD5,
540-2,B89DBE,
540-3,7A5C80,
540-4,8E6694,
540-5,795077,
540-6,512B4F,
540-M,543352,
550-1,DBCFD8,
550-2,CAB8C8,
550-3,AB8FA6,
550-4,947286,
550-5,845F75,
550-6,704B5E,
550-M,A18992,
560-1,C7B9C6,
560-2,AB99AB,
560-3,856D7F,
560-4,705460,
560-5,80707E,
560-6,786C7D,
560-M,9B8A9E,
570-1,CFC9E6,
570-2,C1BADF,
570-3,ACA6DA,
570-4,9A93CC,
570-5,7F71AF,
570-6,766398,
570-M,6B5694,
580-1,C3CBE5,
580-2,BDC2DE,
580-3,A8ADCF,
580-4,6B6F98,
580-5,454D6C,
580-6,2A3053,
580-M,656984,
590-1,686897,
590-2,443F73,
590-3,2F3369,
590-4,2A2D59,
590-5,202B58,
590-6,1E3578,
590-M,2D315B,
6000,4A7363,Patina green
6001,40693A,Emerald green
6002,3B5B2F,Leaf green
6003,4F553E,Olive green
6004,214245,Blue green
6005,234235,Moss green
6006,3C3D32,Grey olive
6007,2E3526,Bottle green
6008,333327,Brown green
6009,2A372C,Fir green
6010,4E6E39,Grass green
6011,6A7C5B,Reseda green
6012,2F3B39,Black green
6013,777659,Reed green
6014,454339,Yellow olive
6015,3C3F38,Black olive
6016,256753,Turquoise green
6017,5C8144,May green
6018,689A45,Yellow green
6019,B8CFAD,Pastel green
6020,3B4634,Chrome green
6021,899B79,Pale green
6022,3B382E,Olive drab
6024,3A8258,Traffic green
6025,5D703E,Fern green
6026,0D5951,Opal green
6027,88B5B3,Light green
6028,3D5547,Pine green
6029,226C45,Mint green
6032,417E57,Signal green
6033,568480,Mint turquoise
6034,86A9AD,Pastel turquoise
6035,2E4F31,Pearl green
6036,27514A,Pearl opal green
6037,3F8C3D,Pure green
6038,20A339,Luminous green
6039,ABC251,Fibrous green
610-1,748AA9,
610-2,667692,
610-3,768FB7,
610-4,92ACD6,
610-5,5670AB,
610-6,4F6397,
610-M,7F93B5,
620-1,456388,
620-2,6C8EAA,
620-3,6A7F8E,
620-4,44586A,
620-5,21344C,
620-6,242E3F,
620-M,192D41,
630-1,6B9BD1,
630-2,4F668C,
630-3,394B6E,
630-4,38486D,
630-5,283454,
630-6,253454,
630-M,24314D,
640-1,6599C3,
640-2,417FB3,
640-3,2E71AC,
640-4,14538C,
640-5,154B89,
640-6,13487D,
640-M,024282,
650-1,7BAED5,
650-2,0C6DA0,
650-3,176397,
650-4,0F4E77,
650-5,355777,
650-6,274762,
650-M,00659A,
660-1,378CB0,
660-2,4887A7,
660-3,6AA0B8,
660-4,6BB1CF,
660-5,84BDD4,
660-6,99C4D5,
660-M,6590A6,
670-1,9CCEEA,
670-2,A7D5F0,
670-3,9BC0D5,
670-4,80B5D3,
670-5,78B2D4,
670-6,76BAE6,
670-M,81A5B9,
680-1,7FA6B9,
680-2,548AA3,
680-3,3B6C84,
680-4,43718C,
680-5,2A6484,
680-6,105475,
680-M,27445F,
690-1,6DB8CD,
690-2,4D9BAE,
690-3,2D7C8F,
690-4,12657D,
690-5,114F61,
690-6,144D62,
690-M,005E75,
7000,7B858D,Squirrel grey
7001,8B949B,Silver grey
7002,7D7965,Olive grey
7003,76776A,Moss grey
7004,969799,Signal grey
7005,696D6B,Mouse grey
7006,716C60,Beige grey
7008,6C6040,Khaki grey
7009,5B6058,Green grey
7010,575B57,Tarpaulin grey
7011,535A5E,Iron grey
7012,595E60,Basalt grey
7013,545146,Brown grey
7015,51535A,Slate grey
7016,3B4044,Anthracite grey
7021,323537,Black grey
7022,4C4C47,Umbra grey
7023,7D7F76,Concrete grey
7024,45494E,Graphite grey
7026,394345,Granite grey
7030,8C8C83,Stone grey
7031,5D676D,Blue grey
7032,B1B1A1,Pebble grey
7033,7C8273,Cement grey
7034,8C8870,Yellow grey
7035,C2C6C3,Light grey
7036,949292,Platinum grey
7037,797B7B,Dusty grey
7038,ADB0A9,Agate grey
7039,68675F,Quartz grey
7040,969CA1,Window grey
7042,8C9190,Traffic grey A
7043,4F5352,Traffic grey B
7044,B3B2A9,Silk grey
7045,8C9094,Telegrey 1
7046,7C8287,Telegrey 2
7047,C5C5C5,Telegrey 4
7048,7A7871,Pearl mouse grey
710-1,8FCDCF,
710-2,49A3AA,
710-3,45858C,
710-4,297079,
710-5,115764,
710-6,264649,
710-M,005E6D,
720-1,C6E2DF,
720-2,B1E0DD,
720-3,99CFD5,
720-4,77B9C2,
720-5,558EA0,
720-6,417786,
720-M,488894,
730-1,CEE6E3,
730-2,A4D0D4,
730-3,8AB5BA,
730-4,89B6B5,
730-5,84A9AC,
730-6,588581,
730-M,6B9C91,
740-1,C6DBCF,
740-2,B7D5CA,
740-3,9CC2B4,
740-4,578476,
740-5,306D60,
740-6,145B53,
740-M,466C60,
750-1,C0D7CA,
750-2,93B3A1,
750-3,4C7465,
750-4,264339,
750-5,3C554C,
750-6,333F3E,
750-M,243832,
760-1,D4E4CC,
760-2,B7CEAD,
760-3,AEBF9E,
760-4,899B7C,
760-5,6C7F5F,
760-6,4E664C,
760-M,374B33,
770-1,959E86,
770-2,A4A991,
770-3,75765D,
770-4,7C7A68,
770-5,AFAFA0,
770-6,7C8275,
770-M,898866,
780-1,E4DECD,
780-2,E0D7BA,
780-3,D4C69C,
780-4,C6B388,
780-5,9B8E7A,
780-6,6F695E,
780-M,A79F78,
790-1,41494B,
790-2,3D4248,
790-3,33373A,
790-4,313234,
790-5,232527,
790-6,24252F,
790-M,262524,
8000,816D44,Green brown
8001,8F6833,Ochre brown
8002,704F40,Signal brown
8003,74502F,Clay brown
8004,814D37,Copper brown
8007,67492F,Fawn brown
8008,694F2B,Olive brown
8011,533A29,Nut brown
8012,5C3128,Red brown
8014,453729,Sepia brown
8015,57332B,Chestnut brown
8016,483026,Mahogany brown
8017,42332E,Chocolate brown
8019,3B3736,Grey brown
8022,201F20,Black brown
8023,965D33,Orange brown
8024,6F543C,Beige brown
8025,6E5B4B,Pale brown
8028,4C3E30,Terra brown
8029,764537,Pearl copper
810-1,969BA1,
810-2,899298,
810-3,7A868D,
810-4,5F6972,
810-5,51585D,
810-6,3B4247,
810-M,404549,
820-1,C2C6C9,
820-2,A7ACB1,
820-3,8B9195,
820-4,7C8388,
820-5,51555D,
820-6,454A51,
820-M,919293,
830-1,B7BAB9,
830-2,A1A5A4,
830-3,8B9091,
830-4,6A6F6D,
830-5,515555,
830-6,575E61,
830-M,7F7F7E,
840-1,E3E3D9,
840-2,D3D4CC,
840-3,B3B3A8,
840-4,7D8078,
840-5,595E56,
840-6,454438,
840-M,464441,
850-1,BFC1B9,
850-2,ADB0AA,
850-3,A3A5A0,
850-4,8D8D86,
850-5,686761,
850-6,4B4C48,
850-M,5D5C58,
860-1,D5D8DA,
860-2,CCCFD4,
860-3,BEC0C4,
860-4,97999A,
860-5,777979,
860-6,5A5F60,
860-M,9F9E9D,
870-1,CFCECF,
870-2,929191,
870-3,616164,
870-4,504E50,
870-5,494849,
870-6,3C393A,
870-M,4A4748,
9001,E5E1D4,Cream
9002,D4D5CD,Grey white
9003,EBECEA,Signal white
9004,2F3133,Signal black
9005,131516,Jet black
9006,9A9D9D,White aluminium
9007,828280,Grey aluminium
9010,EFEEE5,Pure white
9011,25282A,Graphite black
9012,F2F1E1,Cleanroom White
9016,EFF0EB,Traffic white
9017,262625,Traffic black
9018,C6CBC6,Papyrus white
9022,818382,Pearl light grey
9023,767779,Pearl dark grey
